{
	"class_name" : "PinholeCameraParameters",
	"extrinsic" : 
	[
		0.86516479431397442,
		-0.50145834794953814,
		-0.0054225410444187459,
		0.0,
		-0.43998184986198152,
		-0.76419931831106735,
		0.47160934435709495,
		0.0,
		-0.24063634486853225,
		-0.40563398176757848,
		-0.88179091760104489,
		0.0,
		0.54770390034429406,
		-0.11845953185749636,
		12.063930834185065,
		1.0
	],
	"intrinsic" : 
	{
		"height" : 1080,
		"intrinsic_matrix" : 
		[
			935.30743608719376,
			0.0,
			0.0,
			0.0,
			935.30743608719376,
			0.0,
			959.5,
			539.5,
			1.0
		],
		"width" : 1920
	},
	"version_major" : 1,
	"version_minor" : 0
}